Study Area,site,DaymetMDPmm.Apr.Oct.2011.2020,DaymetMDTC.Apr.Oct.2011.2020,DaymetMDVPD.Apr.Oct.2011.2020,Elevation_m,Aspect,Slope
Coweeta,2750,5.226249695,16.97817039,0.632519364,853,10.24639988,6.750199795
Coweeta,2850,5.323762417,16.77987289,0.586202145,886,24.31669998,6.299630165
Coweeta,2950,5.619959354,16.08895302,0.539105833,960,344.2390137,12.45790005
Coweeta,DF1,6.042192459,15.02504158,0.484203994,1190,349.8720093,2.777290106
Coweeta,DF2,6.063786983,14.91839314,0.48906523,1243,21.89139938,18.61610031
Coweeta,DF3,5.756642818,15.69959259,0.567336679,1074,311.2579956,21.57040024
Coweeta,DF4,5.586561203,16.15228462,0.569533348,929,157.5529938,25.71750069
Coweeta,DF5,5.586561203,16.15228462,0.569533348,898,32.95009995,3.758589983
Coweeta,EF,4.990496159,17.48659325,0.682133198,704,312.9119873,6.432020187
Coweeta,FOSSite1,5.570757866,16.25658798,0.656618237,807,357.2860107,14.30140018
Coweeta,FOSSite2,4.97391367,17.51798058,0.687986851,748,234.5780029,18.08300018
Coweeta,Mid,5.226249695,16.97817039,0.632519364,871,5.146130085,10.64760017
Coweeta,Sat,4.97391367,17.51798058,0.711521983,704,87.86319733,5.472270012
Coweeta,WS1,4.97391367,17.51798058,0.687986851,741,170.0070038,23.86170006
Coweeta,WS10C,5.26170063,16.98584747,0.647761345,855,210.7330017,20.76300049
Coweeta,WS10M,5.31558609,16.91192055,0.631943822,1010,189.2559967,19.33679962
Coweeta,WS10R,5.65923357,16.24808884,0.631943822,1058,174.0780029,31.09840012
Coweeta,WS12,4.990496159,17.48659325,0.648197711,828,46.27819824,31.09639931
Coweeta,WS18C,5.236348152,16.97424698,0.648197711,854,303.1409912,29.47509956
Coweeta,WS18R,5.236348152,16.97424698,0.648197711,854,318.4509888,27.96069908
Coweeta,WS27C,5.619959354,16.08895302,0.539105833,1098,74.43319702,29.50029945
Coweeta,WS27R,6.193410397,14.58564472,0.484203994,1420,2.234149933,19.31290054
Coweeta,WS31,5.570757866,16.25658798,0.601965666,983,85.04260254,17.3307991
Coweeta,WS32,5.323762417,16.77987289,0.586202145,1019,176.5200043,21.43160057
Coweeta,WS36M,6.097237587,15.02832985,0.516800702,1234,165.8899994,24.44249916
Coweeta,WS36R,6.442012787,14.07621002,0.535447896,1311,156.6139984,11.46319962
Coweeta,WS40C,5.68159008,16.13746643,0.591647863,963,192.4309998,35.60150146
Coweeta,WS40M,6.097237587,15.02832985,0.535447896,1121,101.3119965,25.25830078
Coweeta,WS40R,6.097237587,15.02832985,0.535447896,1214,152.0469971,30.88389969
Coweeta,WS6M,4.990496159,17.48659325,0.682133198,810,57.16790009,27.83869934
Coweeta,WS6R,5.085290909,17.27692986,0.696668565,837,323.7810059,25.62459946
Coweeta,WS7C,5.31558609,16.91192055,0.631943822,904,240.9810028,18.18610001
Coweeta,WS7R,5.31558609,16.91192055,0.631943822,994,190.9459991,17.42350006
Coweeta,WSXC,5.619959354,16.08895302,0.539105833,960,333.1619873,15.16180038
Coweeta,WSXF,5.619959354,16.08895302,0.539105833,964,9.560930252,20.71139908
Coweeta,WSXM,5.619959354,16.08895302,0.539105833,1025,39.17750168,18.18090057
Coweeta,WSXR,5.619959354,16.08895302,0.539105833,1172,321.6669922,22.92300034
Grandfather Mountain,GMSite1,5.876179,15.186045,0.463611394,1219,295.1059875,25.84199905
Grandfather Mountain,GMSite2,6.34553,14.9892845,0.444802374,1341,111.8710022,16.90530014
GSMNP,Bearneck Cove,4.39159441,17.25851059,0.683780611,730,41.18859863,7.94329977
GSMNP,Chimney Tops,5.085356712,15.20990562,0.554328024,1158,294.20401,20.74469948
GSMNP,Cole Creek,4.704942226,16.57612419,0.649755895,848,340.4570007,10.2755003
GSMNP,Forge Creek,4.501721382,18.16609764,0.707181513,611,292.3200073,5.890500069
GSMNP,Kephart Prong,5.00858593,15.06544685,0.53827101,1131,229.7980042,24.50020027
GSMNP,Long Bunk Trail,5.371582031,13.87545586,0.519953847,1281,157.9589996,22.93040085
GSMNP,Maddron,4.540782928,17.23204613,0.66735667,818,12.75360012,8.338970184
GSMNP,McKee Branch,4.859910011,14.0399704,0.536515117,1417,236.4689941,12.47270012
GSMNP,Ramsey Cascade,5.212578297,14.85762787,0.538918376,1125,219.9049988,14.02700043
GSMNP,Sugar Cove,5.224430561,14.83487225,0.569638014,966,351.3580017,9.480810165
Joyce Kilmer,Deep Creek,4.497467518,18.27278519,0.727177143,608,22.46500015,27.34889984
North Georgia,Blackwell,5.541773796,17.76431274,0.623989046,869,309.9089966,8.04722023
North Georgia,Long Creek,5.114356041,18.28224945,0.653459132,792,335.0329895,21.08930016
North Georgia,Lordamercy Cove,5.254955292,17.51249504,0.620155334,792,76.3062973,10.97179985
North Georgia,High Shoals,5.437655449,17.11219406,0.605613172,801,90,19.14
North Georgia,Mart Helton,4.883676052,17.71516991,0.667451262,738,284.7369995,11.5092001
North Georgia,Swallow Creek,5.004984379,17.25180054,0.628047109,670,339.9020081,23.4477005
North Georgia,Wolf Creek,4.849192619,17.64765358,0.604971528,762,72.54419708,9.589509964
Standing Indian,Curtis Creek,5.87032795,14.9438343,0.509111762,1125,174.447998,17.67000008
Standing Indian,Hurricane Creek Sassafras Ridge,5.856377125,15.01658916,0.509111762,1188,235.4530029,23.66790009
Western NC,Buck Creek,5.292483807,15.59197521,0.529144228,1036,338.9039917,8.843400002
Western NC,Snowbird Trail,4.898545265,17.68964958,0.658868611,887,353.8720093,15.99479961
Wine Springs,Bearpen,5.989467144,15.06536102,0.45097208,1325,322.8770142,15.24059963
GSMNP,Chimney Picnic Area,5.154236,16.547968,0.562349975,855.6,359.98172,12.14329